Twitter Users,Retweeted User,Retweets,Generation,User followers
drsimonegold,Cernovich,20253,1,393522
Notyour28981739,bmj_latest,19185,1,11845
avoiceforchoice,ClayTravis,16952,1,8199
HegKong,ScienceWDrDoug,15496,1,35613
HegKong,RobertKennedyJr,15244,1,35734
ritamollerpalma,MythinformedMKE,15051,1,5308
ChildrensHD,RobertKennedyJr,14573,1,90608
YardleyShooting,RobertKennedyJr,13882,1,67465
SNCCLA,drsimonegold,12531,1,5652
ClareCraigPath,P_McCulloughMD,11046,1,102163
Believe_Mothers,P_McCulloughMD,10199,1,5890
Believe_Mothers,RobertKennedyJr,9424,1,5851
ChildrensHD,RobertKennedyJr,9294,1,96683
ClareCraigPath,rick_pittman,8948,1,87742
YardleyShooting,danielkotzin,7749,1,52001
ritamollerpalma,ChuckCallesto,7739,1,5206
ritamollerpalma,RepThomasMassie,7636,1,5336
Notyour28981739,ScienceWDrDoug,7529,1,11816
Believe_Mothers,RandPaul,7299,1,5845
Notyour28981739,ChuckCallesto,6990,1,13237
Believe_Mothers,DrEliDavid,6971,1,5871
avoiceforchoice,RepThomasMassie,6926,1,8332
JenniferMarguli,P_McCulloughMD,6810,1,15857
ClareCraigPath,dockaurG,6660,1,72866
jorient,akheriaty,6613,1,8716
ake2306,danielkotzin,6493,3,11796
Notyour28981739,JackPosobiec,6445,1,11603
sallyKP,martingeddes,6207,1,14227
ritamollerpalma,ChuckCallesto,5991,1,5206
HegKong,ElectionWiz,5947,1,34263
waynerohde,RepThomasMassie,5875,1,3635
ritamollerpalma,barnes_law,5783,1,5190
justiceforevee,RepThomasMassie,5713,1,12035
SNCCLA,RobertKennedyJr,5686,1,4949
ScienceWDrDoug,akheriaty,5616,2,62979
Notyour28981739,Channel4News,5551,1,11137
YardleyShooting,Channel4News,5442,1,59424
BeckyJohnson222,drsimonegold,5319,1,4836
Believe_Mothers,ChuckCallesto,5151,1,5935
DrTessaT,RepThomasMassie,5150,3,19534
TonyHinton2016,akheriaty,5128,2,60124
sallyKP,drsimonegold,5112,1,13994
Notyour28981739,drsimonegold,5087,1,7874
DrAseemMalhotra,drsimonegold,4674,2,185236
Notyour28981739,ezralevant,4599,1,12365
TonyHinton2016,DrJBhattacharya,4491,2,60084
sallyKP,danielkotzin,4488,1,13994
jorient,JackPosobiec,4359,1,8476
eileeniorio,ElectionWiz,4355,1,20518
Notyour28981739,RobertKennedyJr,4195,1,11803
Notyour28981739,delbigtree,4145,1,13237
Notyour28981739,drsimonegold,3971,2,13229
eileeniorio,ElectionWiz,3945,1,20571
martingeddes,DrBenTapper1,3808,1,247796
waynerohde,DrJBhattacharya,3699,1,3785
richardursomd,dockaurG,3687,1,82007
Believe_Mothers,dockaurG,3683,1,5944
avoiceforchoice,RandPaul,3642,1,8355
ClareCraigPath,SikhForTruth,3482,1,119074
JeffereyJaxen,RandPaul,3372,1,20770
ChildrensHD,RobertKennedyJr,3368,1,94055
HegKong,JamesMelville,3352,1,33552
ClareCraigPath,dockaurG,3335,1,73258
danielkotzin,DrJBhattacharya,3289,2,30143
ChildrensHD,RobertKennedyJr,3287,1,97033
SNCCLA,DrBenTapper1,3265,1,5660
Notyour28981739,drsimonegold,3239,1,11222
avoiceforchoice,RepThomasMassie,3219,1,8342
ianmSC,DrJBhattacharya,3198,2,71072
MartinKulldorff,DrJBhattacharya,3167,2,236380
Believe_Mothers,Cernovich,3112,1,5532
Notyour28981739,JackPosobiec,3100,1,11841
SNCCLA,drsimonegold,3069,1,5651
Notyour28981739,ChuckCallesto,3068,1,11850
ClareCraigPath,ElectionWiz,3028,1,86960
Notyour28981739,drsimonegold,3025,1,7017
debnantz,danielkotzin,3003,1,9856
jonrappoport,RobertKennedyJr,3000,1,65288
Notyour28981739,DrAseemMalhotra,2998,1,12439
ChildrensHD,RobertKennedyJr,2959,1,98289
Believe_Mothers,JamesMelville,2954,1,5846
waynerohde,DrJBhattacharya,2942,1,4018
ClareCraigPath,MaajidNawaz,2839,1,87697
Notyour28981739,ScienceWDrDoug,2771,1,12423
avoiceforchoice,RandPaul,2759,1,8136
JamesMelville,toadmeister,2742,2,264416
ClareCraigPath,aginnt,2715,1,76644
HegKong,rick_pittman,2702,1,34268
ChildrensHD,RobertKennedyJr,2694,1,68276
jorient,DrAseemMalhotra,2654,1,8966
KimIversenShow,akheriaty,2652,2,70454
Notyour28981739,HighWireTalk,2618,1,11625
ritamollerpalma,Cernovich,2610,1,5059
lifebiomedguru,MythinformedMKE,2596,1,45298
barnes_law,MartinKulldorff,2594,2,239210
ChildrensHD,RobertKennedyJr,2563,1,78965
waynerohde,RobertKennedyJr,2550,1,3762
JeffereyJaxen,RandPaul,2542,1,27326
ChildrensHD,RobertKennedyJr,2515,1,79937
SNCCLA,RandPaul,2492,1,4813
YardleyShooting,toadmeister,2480,1,68807
ChildrensHD,RobertKennedyJr,2459,1,91000
GenRescue,RandPaul,2458,1,20382
eileeniorio,RobertKennedyJr,2379,1,20524
avoiceforchoice,barnes_law,2379,1,8168
Notyour28981739,MythinformedMKE,2370,1,12376
ezralevant,RepThomasMassie,2357,2,352274
TannersDad,HighWireTalk,2343,1,19293
ClareCraigPath,JamesMelville,2314,1,102709
JenniferMarguli,RobertKennedyJr,2274,1,12632
waynerohde,RandPaul,2262,1,3688
waynerohde,P_McCulloughMD,2257,1,3767
DrAseemMalhotra,DrJBhattacharya,2257,2,184856
eileeniorio,SenRonJohnson,2224,1,16833
ClareCraigPath,DrEliDavid,2222,1,106592
richardursomd,drsimonegold,2214,2,141696
sallyKP,RobertKennedyJr,2212,1,14000
avoiceforchoice,RandPaul,2209,1,8082
ChildrensHD,RobertKennedyJr,2208,1,83156
Believe_Mothers,ollysmithtravel,2193,1,5847
Notyour28981739,barnes_law,2155,1,11230
ChildrensHD,RobertKennedyJr,2153,1,76642
eileeniorio,JackPosobiec,2128,1,20579
HegKong,ollysmithtravel,2125,1,33552
YardleyShooting,SteveBakerHW,2084,1,61884
richardursomd,drsimonegold,2055,1,136377
lifebiomedguru,RobertKennedyJr,2019,1,45296
SNCCLA,RobertKennedyJr,2009,1,4815
Notyour28981739,RobertKennedyJr,1956,1,11243
DrJBhattacharya,RepThomasMassie,1951,2,181235
Notyour28981739,RepThomasMassie,1943,1,12440
eileeniorio,RobertKennedyJr,1891,1,20574
justiceforevee,delbigtree,1887,1,11903
jorient,JamesMelville,1866,1,8631
eileeniorio,RobertKennedyJr,1862,1,16649
ToniaBuxton,drsimonegold,1860,2,107598
JeffereyJaxen,RandPaul,1857,1,25742
ChildrensHD,RobertKennedyJr,1844,1,93850
JeffereyJaxen,MartinKulldorff,1838,1,21409
Notyour28981739,DrEliDavid,1823,1,11900
Notyour28981739,toadmeister,1815,1,12393
ChildrensHD,RobertKennedyJr,1815,1,77755
HegKong,ClayTravis,1807,1,35709
jorient,JamesMelville,1794,1,8636
SNCCLA,drsimonegold,1794,1,5125
HegKong,BallouxFrancois,1754,1,31801
jorient,JamesMelville,1735,1,8519
anish_koka,MartinKulldorff,1721,3,9863
jimmy_dore,MartyMakary,1702,2,321736
avoiceforchoice,RandPaul,1697,1,7952
ChildrensHD,RobertKennedyJr,1686,1,84318
eileeniorio,RobertKennedyJr,1684,1,20520
eileeniorio,RepThomasMassie,1679,1,16687
ChildrensHD,RobertKennedyJr,1677,1,107000
justiceforevee,danielkotzin,1675,1,11933
Notyour28981739,ScienceWDrDoug,1670,1,11800
HegKong,MartinKulldorff,1664,1,31785
ClareCraigPath,DrAseemMalhotra,1662,1,90730
DrTessaT,MartinKulldorff,1654,3,19525
HegKong,JamesMelville,1641,1,32032
jorient,drsimonegold,1622,1,7443
avoiceforchoice,RobertKennedyJr,1620,1,7229
ChildrensHD,RobertKennedyJr,1608,1,107595
waynerohde,P_McCulloughMD,1604,1,3775
HowardGriffiths,RobertKennedyJr,1603,4,5018
alanvibe,ClareCraigPath,1592,3,38497
aginnt,MartyMakary,1590,2,65602
waynerohde,RobertKennedyJr,1567,1,3723
waynerohde,RobertKennedyJr,1551,1,3720
eileeniorio,RobertKennedyJr,1551,1,20584
Notyour28981739,andrewbostom,1542,1,11626
ClareCraigPath,DrAseemMalhotra,1519,1,91840
RandPaul,MartyMakary,1497,2,3569353
brownstoneinst,MartinKulldorff,1471,2,19102
DrHoenderkamp,ClareCraigPath,1470,3,73920
jorient,reasonoverfear,1466,1,8312
Notyour28981739,TonyHinton2016,1458,1,11964
lifebiomedguru,RobertKennedyJr,1454,1,20726
ChildrensHD,RobertKennedyJr,1451,1,87648
ChildrensHD,RobertKennedyJr,1446,1,106292
Believe_Mothers,JamesMelville,1445,1,5846
SNCCLA,uTobian,1438,1,5183
DrAseemMalhotra,akheriaty,1438,2,185618
ClareCraigPath,MaajidNawaz,1430,1,97386
toadmeister,BenGoldsmith,1426,2,190903
Notyour28981739,RandPaul,1424,1,11107
JeffereyJaxen,MartyMakary,1407,1,21340
Notyour28981739,BusyDrT,1407,1,6909
Notyour28981739,HegKong,1379,1,6926
ChildrensHD,RobertKennedyJr,1377,1,97296
Notyour28981739,RobertKennedyJr,1373,1,9552
kksheld,MartyMakary,1342,2,117982
ChildrensHD,RobertKennedyJr,1319,1,77304
eileeniorio,RandPaul,1308,1,19287
ClareCraigPath,EssexPR,1293,1,110309
kksheld,DrJBhattacharya,1287,2,118042
Cernovich,VPrasadMDMPH,1283,2,873580
YardleyShooting,hibbsy1973,1283,1,41446
JeffereyJaxen,MartinKulldorff,1280,1,27837
jorient,akheriaty,1278,1,8579
JenniferMarguli,rick_pittman,1277,1,13318
HegKong,ToniaBuxton,1271,1,31765
Notyour28981739,drsimonegold,1270,1,7878
ritamollerpalma,P_McCulloughMD,1268,1,5308
backtolife_2022,toadmeister,1258,3,91053
avoiceforchoice,RobertKennedyJr,1248,1,8093
YardleyShooting,abiroberts,1248,1,53384
YardleyShooting,toadmeister,1245,1,66119
jonrappoport,RobertKennedyJr,1244,1,70492
ChildrensHD,RobertKennedyJr,1242,1,77582
ClareCraigPath,MaajidNawaz,1238,1,88384
ChildrensHD,RobertKennedyJr,1230,1,80010
ClareCraigPath,ianmSC,1230,1,104538
kksheld,DrJBhattacharya,1206,2,118173
backtolife_2022,VPrasadMDMPH,1204,3,88602
ChildrensHD,RobertKennedyJr,1189,1,106376
GenRescue,RobertKennedyJr,1166,1,19780
Notyour28981739,SenRonJohnson,1160,1,12390
Notyour28981739,akheriaty,1132,1,11462
Notyour28981739,RobertKennedyJr,1129,1,11605
HegKong,JamesMelville,1125,1,31917
ChildrensHD,RobertKennedyJr,1118,1,80131
eileeniorio,MartyMakary,1109,1,20522
Notyour28981739,drsimonegold,1107,1,6719
hibbsy1973,AFaktow,1104,2,2564
ChildrensHD,RobertKennedyJr,1101,1,77079
richardursomd,drsimonegold,1098,1,135850
ClareCraigPath,DrAseemMalhotra,1090,1,110277
ChildrensHD,RobertKennedyJr,1081,1,82481
ChildrensHD,RobertKennedyJr,1076,1,80071
Believe_Mothers,delbigtree,1073,1,6036
ClareCraigPath,DrHoenderkamp,1068,1,101143
HowardGriffiths,RobertKennedyJr,1064,4,5034
TonyHinton2016,aginnt,1063,2,60084
ToniaBuxton,ScienceWDrDoug,1059,2,108450
ChildrensHD,RobertKennedyJr,1058,1,90798
YardleyShooting,JamesMelville,1058,1,41535
ClareCraigPath,PaulMitchell_AB,1056,1,106781
PamLongCO,RobertKennedyJr,1055,2,33694
ChildrensHD,RobertKennedyJr,1051,1,107359
Notyour28981739,RobertKennedyJr,1047,1,6778
andrewbostom,ianmSC,1046,2,46327
Notyour28981739,PaulMitchell_AB,1036,1,11882
kksheld,MartinKulldorff,1030,2,118737
jorient,richardursomd,1025,1,8100
ChildrensHD,RobertKennedyJr,1024,1,90686
ClareCraigPath,JamesMelville,1022,1,107873
JeffereyJaxen,MichaelYeadon3,1009,1,14293
ClareCraigPath,EssexPR,1006,1,85644
Believe_Mothers,JamesMelville,1003,1,5746
ezralevant,DrJBhattacharya,1000,2,352447
JenniferMarguli,RobertKennedyJr,998,1,13617
jorient,RepThomasMassie,998,1,7371
ClareCraigPath,ianmSC,975,1,74563
ClareCraigPath,ianmSC,975,1,110535
debnantz,HighWireTalk,971,1,9936
HegKong,DavidAnber,968,1,35984
ClareCraigPath,DrHoenderkamp,957,1,76629
ClareCraigPath,EssexPR,952,1,106354
sallyKP,RobertKennedyJr,951,1,12066
MythinformedMKE,DrJBhattacharya,949,2,80066
ClareCraigPath,DrJBhattacharya,947,1,89142
Notyour28981739,akheriaty,939,1,11887
ChildrensHD,RobertKennedyJr,937,1,88527
SNCCLA,RobertKennedyJr,927,1,5626
HegKong,TonyHinton2016,921,1,32031
ClareCraigPath,MartinKulldorff,913,1,78289
Notyour28981739,uTobian,912,1,7164
YardleyShooting,EssexPR,906,1,68633
avoiceforchoice,dockaurG,903,1,8311
robinmonotti,bmj_latest,898,1,24841
jorient,aginnt,892,1,8534
SNCCLA,richardursomd,890,1,4833
ChildrensHD,RobertKennedyJr,888,1,98343
brownstoneinst,DrJBhattacharya,883,2,18979
avoiceforchoice,akheriaty,883,1,8182
sallyKP,RobertKennedyJr,878,1,12163
eileeniorio,HighWireTalk,870,1,20661
JenniferMarguli,HighWireTalk,864,1,9495
Notyour28981739,RepThomasMassie,863,1,6623
avoiceforchoice,MartyMakary,863,1,8359
sallyKP,BusyDrT,855,1,13924
kksheld,DrJBhattacharya,851,2,117663
barnes_law,backtolife_2022,849,2,240141
ClareCraigPath,TonyHinton2016,847,1,107873
JeffereyJaxen,MartinKulldorff,841,1,22098
ChildrensHD,RobertKennedyJr,838,1,87592
Notyour28981739,ClayTravis,835,1,12446
ChildrensHD,RobertKennedyJr,827,1,80870
SNCCLA,drsimonegold,827,1,5079
ChildrensHD,RobertKennedyJr,826,2,108248
Notyour28981739,RobertKennedyJr,819,1,9433
jorient,RobertKennedyJr,815,2,9082
ChildrensHD,RobertKennedyJr,808,1,90347
jonrappoport,barnes_law,805,1,61878
ClareCraigPath,DrAseemMalhotra,804,1,87370
ChildrensHD,RobertKennedyJr,799,1,86303
barnes_law,DrJBhattacharya,797,2,238823
JeffereyJaxen,RandPaul,796,1,26475
ritamollerpalma,RobertKennedyJr,795,1,5355
YardleyShooting,SteveBakerHW,793,1,67369
avoiceforchoice,delbigtree,792,1,8358
eileeniorio,SharylAttkisson,789,1,19749
ChildrensHD,RobertKennedyJr,788,1,98452
JeffereyJaxen,MartinKulldorff,786,1,21340
HighWireTalk,SharylAttkisson,783,1,65953
HegKong,EssexPR,782,1,32032
ChildrensHD,RobertKennedyJr,772,1,79077
ritamollerpalma,JackPosobiec,770,1,5335
ClareCraigPath,toadmeister,769,1,87056
Notyour28981739,HegKong,762,1,6799
waynerohde,SharylAttkisson,758,1,3724
rick_pittman,DrEliDavid,752,2,36202
ChildrensHD,RobertKennedyJr,750,1,83089
jorient,ezralevant,749,1,8044
ChildrensHD,RobertKennedyJr,747,1,78370
JeffereyJaxen,ianmSC,739,1,24273
jorient,SikhForTruth,736,1,8722
ChildrensHD,RobertKennedyJr,730,1,81473
EssexPR,ollysmithtravel,730,2,236929
ClareCraigPath,EssexPR,728,1,89534
HegKong,DrCharlesL,727,1,34410
ToniaBuxton,ClareCraigPath,726,2,108313
waynerohde,dockaurG,725,1,3720
JeffereyJaxen,DrJBhattacharya,724,1,27355
GenRescue,uTobian,723,1,20413
YardleyShooting,JamesMelville,722,1,56684
ChildrensHD,RobertKennedyJr,716,1,80489
lifebiomedguru,andrewbostom,711,1,38843
JenniferMarguli,NBSaphierMD,704,2,15873
SNCCLA,RepThomasMassie,699,1,4833
andrewbostom,MartinKulldorff,691,2,46415
robinmonotti,uTobian,685,1,22212
ritamollerpalma,RobertKennedyJr,680,1,4239
ClareCraigPath,backtolife_2022,678,2,119597
eileeniorio,SenRonJohnson,672,1,16849
JeffereyJaxen,MartyMakary,672,1,27345
HegKong,uTobian,652,1,15489
ChildrensHD,RobertKennedyJr,651,1,83856
ClareCraigPath,JamesMelville,649,1,90841
Believe_Mothers,JackPosobiec,648,1,5927
ClareCraigPath,JamesMelville,638,1,59014
TannersDad,RobertKennedyJr,637,1,19294
ClareCraigPath,rick_pittman,636,1,88982
jonrappoport,ElectionWiz,635,1,67832
jorient,YardleyShooting,633,1,7683
justiceforevee,RepThomasMassie,633,1,11933
backtolife_2022,MartinKulldorff,630,3,91016
sallyKP,uTobian,626,1,11848
barnes_law,DrJBhattacharya,619,2,238851
avoiceforchoice,RobertKennedyJr,617,1,8085
YardleyShooting,MaajidNawaz,615,1,65730
JeffereyJaxen,MichaelYeadon3,613,1,14255
ClareCraigPath,EssexPR,609,1,75207
SNCCLA,uTobian,601,1,4949
Notyour28981739,aginnt,600,1,10955
ClareCraigPath,MartinKulldorff,599,1,119299
JeffereyJaxen,MartinKulldorff,595,1,29515
JenniferMarguli,ScienceWDrDoug,594,1,14363
andrewbostom,ianmSC,594,2,46332
ToniaBuxton,drsimonegold,593,2,108758
HegKong,TonyHinton2016,585,1,31765
ritamollerpalma,delbigtree,580,1,4105
ClareCraigPath,DrAseemMalhotra,576,1,93313
JeffereyJaxen,MartyMakary,573,2,29887
jorient,kksheld,572,1,7355
SNCCLA,RobertKennedyJr,567,1,4815
eileeniorio,ElectionWiz,566,1,20538
ClareCraigPath,DrEliDavid,565,1,97260
MartinKulldorff,DrJBhattacharya,564,2,237780
avoiceforchoice,toadmeister,563,1,8317
ChildrensHD,RobertKennedyJr,561,1,88795
GenRescue,RobertKennedyJr,561,1,20635
Notyour28981739,forrestmaready,559,1,11898
HegKong,TonyHinton2016,557,1,31938
ChildrensHD,RobertKennedyJr,549,1,93089
ClareCraigPath,JuliaHB1,548,1,76728
akheriaty,DrJBhattacharya,543,2,130474
ClareCraigPath,TonyHinton2016,542,1,107255
avoiceforchoice,ClayTravis,542,1,8170
avoiceforchoice,SenRonJohnson,541,1,7572
danielkotzin,drsimonegold,541,2,29856
DrAseemMalhotra,akheriaty,538,2,185656
waynerohde,lifebiomedguru,537,1,3721
ClareCraigPath,DrHoenderkamp,534,1,88461
avoiceforchoice,HighWireTalk,532,1,8363
BeckyJohnson222,uTobian,527,1,4882
GenRescue,uTobian,526,1,20163
jorient,BusyDrT,523,1,8150
Notyour28981739,NBSaphierMD,520,1,12443
jorient,EssexPR,519,1,8276
ChildrensHD,RobertKennedyJr,511,1,84415
ChildrensHD,RobertKennedyJr,510,1,107733
ChildrensHD,RobertKennedyJr,501,1,90889
avoiceforchoice,DrJBhattacharya,501,1,8343
Believe_Mothers,SharylAttkisson,500,1,5846
ChildrensHD,RobertKennedyJr,498,1,87716
SNCCLA,justiceforevee,498,1,5631
SNCCLA,uTobian,496,1,4814
barnes_law,danielkotzin,496,2,240028
waynerohde,RobertKennedyJr,495,1,3775
Notyour28981739,HighWireTalk,493,1,6927
ChildrensHD,RobertKennedyJr,492,1,96112
eileeniorio,bmj_latest,491,1,20661
ClareCraigPath,Togetherdec,490,1,96522
waynerohde,P_McCulloughMD,488,1,3767
RobertKennedyJr,RandPaul,486,1,332125
ChildrensHD,RobertKennedyJr,485,1,76431
ChildrensHD,RobertKennedyJr,485,1,107239
avoiceforchoice,ElectionWiz,484,1,8342
ClareCraigPath,EssexPR,480,1,73940
YardleyShooting,JamesMelville,479,1,56194
sallyKP,uTobian,478,1,12076
ClareCraigPath,DrHoenderkamp,477,1,78147
TonyHinton2016,DrHoenderkamp,475,2,60101
brownstoneinst,DrJBhattacharya,473,2,19251
JeffereyJaxen,uTobian,471,1,15223
ChildrensHD,RobertKennedyJr,470,1,69448
HegKong,rick_pittman,470,1,31769
Notyour28981739,GenRescue,470,1,7833
jorient,uTobian,468,1,7355
Notyour28981739,HegKong,467,1,6778
JeffereyJaxen,DrJBhattacharya,465,2,30077
Believe_Mothers,RobertKennedyJr,462,1,5640
Believe_Mothers,ICANdecide,462,1,4148
ChildrensHD,RobertKennedyJr,461,1,83760
sallyKP,justiceforevee,461,1,14282
Notyour28981739,uTobian,460,1,6719
ajlamesa,BallouxFrancois,460,3,11734
ChildrensHD,RobertKennedyJr,456,1,53229
JeffereyJaxen,MartinKulldorff,456,1,21793
ChildrensHD,RobertKennedyJr,454,1,51149
ClareCraigPath,cricketwyvern,453,1,88688
ChildrensHD,RobertKennedyJr,451,1,88712
Notyour28981739,RepThomasMassie,448,1,6965
sallyKP,robinmonotti,445,1,12449
ChildrensHD,RobertKennedyJr,444,1,98569
jorient,ezralevant,442,1,8384
ClareCraigPath,ianmSC,441,1,118716
jorient,dockaurG,441,1,7355
ChildrensHD,RobertKennedyJr,439,2,108305
ClareCraigPath,JamesMelville,439,1,111731
ClareCraigPath,VPrasadMDMPH,438,2,119680
ClareCraigPath,ianmSC,437,1,78638
waynerohde,RepThomasMassie,435,1,3197
jorient,HighWireTalk,435,1,8333
avoiceforchoice,delbigtree,434,1,7172
GenRescue,HighWireTalk,432,1,19783
ClareCraigPath,nadhimzahawi,429,1,39906
hibbsy1973,YardleyShooting,427,2,3002
jorient,ollysmithtravel,426,1,8661
ChildrensHD,RobertKennedyJr,423,1,87878
uTobian,science_cited,421,1,31577
ChildrensHD,RobertKennedyJr,419,1,87442
SNCCLA,ChildrensHD,419,1,5626
uTobian,RobertKennedyJr,418,1,33126
ClareCraigPath,ianmSC,418,1,76803
justiceforevee,eileeniorio,418,1,11518
ChGefaell,ClareCraigPath,418,3,6748
ChildrensHD,RobertKennedyJr,415,1,51548
Notyour28981739,uTobian,413,1,6777
ChildrensHD,RobertKennedyJr,411,1,98576
JeffereyJaxen,HighWireTalk,410,1,27934
GenRescue,RobertKennedyJr,409,1,20447
ClareCraigPath,MaajidNawaz,407,1,77307
Notyour28981739,richardursomd,406,1,12454
dockaurG,MartinKulldorff,404,4,172604
ChildrensHD,RobertKennedyJr,401,1,83667
eileeniorio,RobertKennedyJr,401,1,16248
SNCCLA,uTobian,399,1,5662
ChildrensHD,RobertKennedyJr,398,1,86449
ChildrensHD,RobertKennedyJr,396,1,97614
Notyour28981739,robinmonotti,395,1,8091
BeckyJohnson222,RobertKennedyJr,395,1,4932
kksheld,akheriaty,395,2,117921
DrAseemMalhotra,ClareCraigPath,394,2,185193
barnes_law,akheriaty,394,2,239594
AnimalsRule9,JamesMelville,392,3,1147
justiceforevee,delbigtree,391,1,11937
Notyour28981739,HegKong,389,1,8147
barnes_law,ianmSC,388,2,239991
waynerohde,DrJBhattacharya,387,2,4012
JeffereyJaxen,DrJBhattacharya,387,2,29778
ChildrensHD,RobertKennedyJr,386,1,56142
ClareCraigPath,DrEliDavid,386,1,94826
barnes_law,RobertKennedyJr,385,2,238822
HegKong,JamesMelville,385,1,32092
YardleyShooting,DrCharlesL,385,1,52253
jorient,uTobian,384,1,7434
SNCCLA,uTobian,379,1,4815
ChildrensHD,RobertKennedyJr,373,1,86398
avoiceforchoice,delbigtree,373,1,8182
eileeniorio,RobertKennedyJr,372,1,16872
avoiceforchoice,HighWireTalk,372,1,8355
ToniaBuxton,DrHoenderkamp,372,2,107830
ChildrensHD,RobertKennedyJr,371,1,69342
YardleyShooting,JamesMelville,370,1,52091
ClareCraigPath,EssexPR,369,1,86797
JeffereyJaxen,MartinKulldorff,368,1,26458
sallyKP,GenRescue,367,1,11813
eileeniorio,RobertKennedyJr,366,1,16690
Notyour28981739,brianvastag,365,1,13234
SNCCLA,HighWireTalk,364,1,5125
HegKong,ClareCraigPath,363,1,33552
MartyMakary,VPrasadMDMPH,362,2,152728
ClareCraigPath,toadmeister,361,1,111891
SNCCLA,RobertKennedyJr,361,1,4814
lifebiomedguru,dockaurG,361,1,41802
ChildrensHD,RobertKennedyJr,360,1,82096
ClareCraigPath,alanvibe,358,1,72862
sallyKP,uTobian,356,1,12399
ChildrensHD,RobertKennedyJr,356,1,78482
SNCCLA,HighWireTalk,356,1,5203
waynerohde,SenRonJohnson,355,1,3724
jonrappoport,forrestmaready,353,1,66856
ClareCraigPath,DrAseemMalhotra,353,1,95172
HegKong,SikhForTruth,351,1,31769
ClareCraigPath,DrEliDavid,350,1,108727
waynerohde,RobertKennedyJr,349,1,3769
ezralevant,RepThomasMassie,347,2,352584
Notyour28981739,uTobian,346,1,6756
ClareCraigPath,toadmeister,345,1,73873
ChildrensHD,RobertKennedyJr,345,1,88044
waynerohde,RobertKennedyJr,341,1,3516
ClareCraigPath,MaajidNawaz,341,1,107757
Notyour28981739,RepThomasMassie,340,1,11124
YardleyShooting,JamesMelville,340,1,63330
ritamollerpalma,RobertKennedyJr,338,1,5322
ClareCraigPath,MaajidNawaz,337,1,88206
sallyKP,uTobian,336,1,12166
lifebiomedguru,dockaurG,335,1,20212
ClareCraigPath,ianmSC,334,1,105819
ChildrensHD,RobertKennedyJr,333,1,107666
ClareCraigPath,PaulMitchell_AB,332,1,96761
jonrappoport,JackPosobiec,331,1,63084
ritamollerpalma,lifebiomedguru,329,1,5091
Believe_Mothers,forrestmaready,329,1,5647
derekjamesfrom,ezralevant,328,3,8180
HegKong,ChildrensHD,326,1,13608
eileeniorio,RobertKennedyJr,324,1,20916
Believe_Mothers,RobertKennedyJr,324,1,5826
ClareCraigPath,aginnt,324,1,91276
YardleyShooting,ToniaBuxton,323,1,53582
lifebiomedguru,RobertKennedyJr,322,1,39177
Notyour28981739,ianmSC,322,1,12389
debnantz,HighWireTalk,322,1,9143
HegKong,MaajidNawaz,320,1,36010
ClareCraigPath,SikhForTruth,319,1,73256
SNCCLA,justiceforevee,317,1,5659
HegKong,BusyDrT,316,1,12817
Ward57434516,TonyHinton2016,314,4,62
dockaurG,MartinKulldorff,312,4,172972
ClareCraigPath,cricketwyvern,311,1,94010
jorient,cricketwyvern,308,1,8026
YardleyShooting,MaajidNawaz,304,1,66084
jorient,HegKong,302,1,8150
kksheld,akheriaty,302,2,117979
ChildrensHD,RobertKennedyJr,301,1,69113
HegKong,rick_pittman,301,1,31795
avoiceforchoice,lifebiomedguru,301,1,8090
sallyKP,uTobian,300,1,12466
justiceforevee,uTobian,300,1,11014
ClareCraigPath,ianmSC,300,1,80271
ChildrensHD,RobertKennedyJr,299,1,84629
Notyour28981739,ChildrensHD,299,1,6924
waynerohde,RandPaul,298,1,3767
ChildrensHD,RobertKennedyJr,296,1,81744
ChildrensHD,RobertKennedyJr,294,1,85075
ChildrensHD,RobertKennedyJr,293,1,87648
ClareCraigPath,cricketwyvern,293,1,92066
sallyKP,uTobian,292,1,12399
eileeniorio,RobertKennedyJr,292,1,20569
justiceforevee,PaulMitchell_AB,288,1,12649
SNCCLA,HighWireTalk,288,1,5647
ChildrensHD,RobertKennedyJr,287,1,93247
avoiceforchoice,forrestmaready,285,1,8308
barnes_law,danielkotzin,284,2,239241
sallyKP,uTobian,283,1,12116
JeffereyJaxen,RandPaul,283,1,22005
DrJBhattacharya,MartinKulldorff,283,2,186164
kksheld,MartyMakary,278,2,117709
HegKong,TonyHinton2016,276,1,31790
ChildrensHD,RobertKennedyJr,276,1,91054
debnantz,HighWireTalk,276,1,9920
Notyour28981739,danielkotzin,274,1,11173
waynerohde,uTobian,271,1,3273
ChildrensHD,RobertKennedyJr,271,1,69238
BeckyJohnson222,uTobian,270,1,4787
ChildrensHD,RobertKennedyJr,270,1,83248
jorient,JuliusRuechel,268,1,8330
barnes_law,RobertKennedyJr,267,2,239790
Notyour28981739,robinmonotti,266,1,7874
ClareCraigPath,ianmSC,266,1,82922
lifebiomedguru,HighWireTalk,265,1,37343
eileeniorio,RobertKennedyJr,264,1,20682
jorient,JamesMelville,263,1,8490
YardleyShooting,TonyHinton2016,262,1,61738
ChildrensHD,RobertKennedyJr,262,2,108403
ChildrensHD,RobertKennedyJr,262,1,79205
ChildrensHD,RobertKennedyJr,260,1,83466
avoiceforchoice,HighWireTalk,260,1,8298
ChildrensHD,RobertKennedyJr,259,2,107850
sallyKP,uTobian,258,1,12098
lifebiomedguru,HighWireTalk,258,1,20986
ClareCraigPath,andrewbostom,258,1,73254
Notyour28981739,uTobian,257,1,6649
BeckyJohnson222,HighWireTalk,257,1,4950
Notyour28981739,SenRonJohnson,256,1,9552
sallyKP,uTobian,255,1,12118
Notyour28981739,AAPSonline,255,1,11172
barnes_law,danielkotzin,253,2,239061
robinmonotti,uTobian,252,1,21487
ClareCraigPath,cricketwyvern,252,1,96732
sallyKP,RobertKennedyJr,250,1,12065
ClareCraigPath,TonyHinton2016,248,1,102666
ClareCraigPath,JamesMelville,247,1,90865
delbigtree,HighWireTalk,247,1,120230
waynerohde,HighWireTalk,246,1,3756
avoiceforchoice,BusyDrT,246,1,8085
ritamollerpalma,SharylAttkisson,244,1,4001
SNCCLA,HighWireTalk,243,1,5657
lifebiomedguru,RobertKennedyJr,242,1,38843
jorient,HighWireTalk,242,1,7498
jonrappoport,forrestmaready,242,1,64409
robinmonotti,kksheld,239,1,26631
ClareCraigPath,EssexPR,237,1,88514
ezralevant,DavidAnber,237,2,352574
ClareCraigPath,cricketwyvern,237,1,76199
ClareCraigPath,ianmSC,236,1,110949
ClareCraigPath,cricketwyvern,236,1,84624
JeffereyJaxen,HighWireTalk,235,1,23154
SNCCLA,HighWireTalk,235,1,5662
ToniaBuxton,ollysmithtravel,234,2,107532
justiceforevee,PamLongCO,233,1,11469
sallyKP,dockaurG,232,1,12762
ritamollerpalma,ChuckCallesto,232,1,5142
ritamollerpalma,uTobian,231,1,3994
eileeniorio,RobertKennedyJr,231,1,16677
kksheld,MartyMakary,231,2,117787
BenGoldsmith,JamesMelville,231,3,132805
jorient,JamesMelville,231,1,8309
avoiceforchoice,andrewbostom,230,1,7562
sallyKP,uTobian,229,1,13137
robinmonotti,MichaelYeadon3,228,1,21322
ClareCraigPath,andrewbostom,228,1,59640
waynerohde,HighWireTalk,227,1,3514
waynerohde,SharylAttkisson,226,1,3692
sallyKP,SharylAttkisson,224,1,12115
Notyour28981739,uTobian,223,1,6804
avoiceforchoice,HighWireTalk,222,1,8330
Notyour28981739,HighWireTalk,220,1,8150
Believe_Mothers,uTobian,219,1,4210
GenRescue,uTobian,219,1,20716
ClareCraigPath,ianmSC,217,1,103526
LotusOak2,ChildrensHD,213,1,47498
ToniaBuxton,Togetherdec,212,2,107646
ClareCraigPath,TonyHinton2016,211,1,113806
sallyKP,DrBenTapper1,211,1,13994
SNCCLA,HighWireTalk,210,1,5627
ChildrensHD,RobertKennedyJr,209,1,68583
ChildrensHD,RobertKennedyJr,208,1,88387
HegKong,rick_pittman,207,1,31765
GenRescue,PamLongCO,206,1,20511
uTobian,lifebiomedguru,205,1,30967
avoiceforchoice,JeffereyJaxen,203,1,7562
LotusOak2,ChildrensHD,203,1,47469
Notyour28981739,JenniferMarguli,202,1,11493
JeffereyJaxen,DrJBhattacharya,202,1,26240
LotusOak2,ChildrensHD,201,1,47491
eileeniorio,RobertKennedyJr,200,1,20758
waynerohde,ezralevant,200,1,3767
lifebiomedguru,NBSaphierMD,199,1,44699
DrHoenderkamp,MaajidNawaz,199,3,74096
jorient,richardursomd,198,1,7408
debnantz,HighWireTalk,198,1,9892
ClareCraigPath,Togetherdec,197,2,119682
AnnieWBelle,DrHoenderkamp,197,3,1771
sallyKP,uTobian,196,1,12576
ClareCraigPath,delbigtree,195,1,107873
Ward57434516,ClareCraigPath,195,4,62
HegKong,BusyDrT,195,1,15384
debnantz,HighWireTalk,194,1,9873
HighWireTalk,ICANdecide,193,1,65417
HegKong,NVICLoeDown,191,1,12832
LotusOak2,ChildrensHD,191,1,47450
waynerohde,P_McCulloughMD,190,1,3763
LotusOak2,ChildrensHD,190,1,47465
ToniaBuxton,TonyHinton2016,189,2,107778
lifebiomedguru,RobertKennedyJr,188,1,39675
waynerohde,RobertKennedyJr,188,1,3350
waynerohde,HighWireTalk,187,1,3282
JeffereyJaxen,DrJBhattacharya,187,1,26239
ClareCraigPath,Togetherdec,186,1,112678
eileeniorio,RobertKennedyJr,185,1,20759
avoiceforchoice,JeffereyJaxen,185,1,8330
ClareCraigPath,TonyHinton2016,184,1,97403
HegKong,TonyHinton2016,182,1,35875
ToniaBuxton,Togetherdec,182,2,108005
waynerohde,akheriaty,182,1,3783
debnantz,drsimonegold,181,1,8973
sallyKP,uTobian,180,1,11912
ezralevant,RepThomasMassie,179,2,351801
robinmonotti,MichaelYeadon3,179,1,22067
ClareCraigPath,MaajidNawaz,179,1,88062
ClareCraigPath,JamesMelville,179,1,91036
sallyKP,uTobian,178,1,14000
avoiceforchoice,ChildrensHD,178,1,7240
AlietaEck,AAPSonline,175,1,13476
jorient,brownstoneinst,174,1,8541
Believe_Mothers,akheriaty,174,1,5533
sallyKP,lifebiomedguru,173,1,12094
avoiceforchoice,JeffereyJaxen,173,1,8324
JeffereyJaxen,ianmSC,173,1,24564
SNCCLA,HighWireTalk,173,1,5654
JeffereyJaxen,DrJBhattacharya,172,1,27945
waynerohde,SharylAttkisson,171,1,3722
uTobian,RobertKennedyJr,171,1,34087
waynerohde,lifebiomedguru,171,1,3766
jorient,DrJBhattacharya,171,1,8645
LotusOak2,ChildrensHD,171,1,47443
sallyKP,uTobian,170,1,14000
jorient,JamesMelville,170,2,9092
waynerohde,SharylAttkisson,169,1,3723
sallyKP,justiceforevee,169,1,14309
ClareCraigPath,DrEliDavid,169,1,99308
derekjamesfrom,danielkotzin,169,3,8143
JeffereyJaxen,HighWireTalk,168,1,27434
TonyHinton2016,ClareCraigPath,168,2,60128
Notyour28981739,uTobian,167,1,6918
TonyHinton2016,ollysmithtravel,167,2,60102
sallyKP,justiceforevee,167,1,11852
uTobian,RobertKennedyJr,166,1,34147
Cernovich,DrJBhattacharya,166,2,888609
justiceforevee,lifebiomedguru,165,1,12012
ClareCraigPath,ianmSC,165,1,89056
ClareCraigPath,cricketwyvern,165,1,85644
ClareCraigPath,andrewbostom,164,1,76202
GenRescue,mercola,163,1,20382
ClayTravis,ianmSC,163,2,897869
ICANdecide,HighWireTalk,163,1,39553
avoiceforchoice,HighWireTalk,163,1,8362
SNCCLA,uTobian,162,1,4815
Notyour28981739,SharylAttkisson,162,1,6644
brownstoneinst,MartinKulldorff,162,2,19359
ClareCraigPath,JamesMelville,162,1,86412
Believe_Mothers,danielkotzin,162,1,5881
delbigtree,HighWireTalk,161,1,117495
waynerohde,HighWireTalk,160,1,3498
YardleyShooting,hibbsy1973,160,1,52175
ClareCraigPath,akheriaty,160,1,75714
ClareCraigPath,Togetherdec,159,1,99308
sallyKP,uTobian,158,1,12116
ClareCraigPath,SikhForTruth,158,1,78377
JeffereyJaxen,RandPaul,158,1,26698
Notyour28981739,lifebiomedguru,158,1,6793
NBSaphierMD,MartyMakary,157,2,167032
Notyour28981739,lifebiomedguru,157,1,7164
uTobian,DrBenTapper1,157,1,33253
ezralevant,ATSoos,156,2,352203
ToniaBuxton,YardleyShooting,155,2,107535
Notyour28981739,JenniferMarguli,155,1,9409
sallyKP,ChildrensHD,155,1,12114
DrHoenderkamp,Togetherdec,154,3,73437
waynerohde,HighWireTalk,154,1,3693
sallyKP,uTobian,153,1,12278
ClareCraigPath,cricketwyvern,152,1,70947
sallyKP,uTobian,151,1,12449
waynerohde,uTobian,150,1,3271
waynerohde,SharylAttkisson,149,1,3723
ClareCraigPath,DrAseemMalhotra,149,1,87896
lifebiomedguru,uTobian,148,1,20937
ClareCraigPath,EssexPR,146,1,81016
MartinKulldorff,DrJBhattacharya,146,2,237728
lifebiomedguru,HighWireTalk,145,1,20884
Believe_Mothers,HighWireTalk,145,1,5855
waynerohde,ClayTravis,145,1,3787
waynerohde,delbigtree,144,1,3610
Notyour28981739,sallyKP,143,1,7872
sallyKP,HighWireTalk,143,1,12116
SNCCLA,SharylAttkisson,142,1,4849
SNCCLA,sallyKP,142,1,5650
lifebiomedguru,ChildrensHD,142,1,20494
lifebiomedguru,ChildrensHD,140,1,20450
ezralevant,anish_koka,139,2,352590
hibbsy1973,YardleyShooting,137,2,2567
DrAseemMalhotra,Togetherdec,137,2,186100
Notyour28981739,HighWireTalk,137,1,6657
ClareCraigPath,EssexPR,137,1,104460
ClareCraigPath,SteveBakerHW,136,1,113623
ClareCraigPath,cricketwyvern,136,1,107037
eileeniorio,JackPosobiec,135,1,20221
Believe_Mothers,HighWireTalk,135,1,5846
JeffereyJaxen,HighWireTalk,135,1,22810
Notyour28981739,talialikeitis,134,1,7833
jonrappoport,HighWireTalk,134,1,70760
Believe_Mothers,Cernovich,134,1,5913
ezralevant,MartyMakary,133,2,352553
Notyour28981739,sallyKP,132,1,6907
avoiceforchoice,lifebiomedguru,132,1,8233
jorient,HegKong,132,1,7478
Believe_Mothers,delbigtree,132,1,5527
Believe_Mothers,PamLongCO,131,1,5870
ClareCraigPath,JamesMelville,131,1,80423
sallyKP,uTobian,130,1,14215
BusyDrT,uTobian,130,1,76710
avoiceforchoice,science_cited,130,1,8090
sallyKP,uTobian,129,1,12117
SNCCLA,uTobian,127,1,4815
Notyour28981739,uTobian,127,1,6878
JeffereyJaxen,bmj_latest,126,1,20020
DrHoenderkamp,SikhForTruth,125,3,73443
debnantz,sallyKP,125,1,9880
DrJBhattacharya,VPrasadMDMPH,124,2,180727
ChildrensHD,SenRonJohnson,124,1,86022
ClareCraigPath,DrAseemMalhotra,124,1,88703
SNCCLA,ChildrensHD,124,1,4949
kksheld,VPrasadMDMPH,123,2,118737
debnantz,lifebiomedguru,123,1,9892
waynerohde,lifebiomedguru,123,1,3767
waynerohde,JeffereyJaxen,123,1,3724
JenniferMarguli,brianvastag,123,2,15864
ezralevant,aginnt,123,2,352451
AlietaEck,AAPSonline,122,1,15495
DavidAnber,VPrasadMDMPH,121,3,36542
waynerohde,HighWireTalk,121,1,3514
sallyKP,GenRescue,121,1,13926
Believe_Mothers,uTobian,119,1,4219
ClareCraigPath,TonyHinton2016,119,1,78169
ChildrensHD,RobertKennedyJr,119,2,109559
Believe_Mothers,PamLongCO,119,1,4407
HegKong,MaajidNawaz,119,1,31788
ClareCraigPath,TonyHinton2016,118,1,73869
waynerohde,SharylAttkisson,118,1,3723
jorient,richardursomd,118,1,7368
GenRescue,lifebiomedguru,118,1,20433
SNCCLA,JeffereyJaxen,118,1,5652
kksheld,ChGefaell,118,2,117542
DrHoenderkamp,TonyHinton2016,117,3,74489
JeffereyJaxen,HighWireTalk,117,1,25982
Notyour28981739,uTobian,116,1,6645
avoiceforchoice,PamLongCO,116,1,8087
waynerohde,JeffereyJaxen,116,1,3597
ClareCraigPath,ianmSC,116,1,79338
Notyour28981739,GenRescue,116,1,7833
jorient,richardursomd,115,1,7362
jorient,ElectionWiz,115,1,8659
robinmonotti,uTobian,114,1,26317
Notyour28981739,PamLongCO,114,1,7879
med1cinewoman,JuliusRuechel,114,1,6846
ClareCraigPath,ianmSC,114,1,95595
MartyMakary,VPrasadMDMPH,113,2,156129
SNCCLA,Notyour28981739,113,1,5658
Notyour28981739,uTobian,112,1,6719
DrJBhattacharya,MartinKulldorff,112,2,182638
DrTessaT,HighWireTalk,112,3,19527
ClareCraigPath,EssexPR,112,1,70570
ClareCraigPath,alanvibe,111,1,79086
AlietaEck,AAPSonline,110,1,15495
ClareCraigPath,Togetherdec,109,1,106192
ClareCraigPath,MaajidNawaz,109,1,106457
ClareCraigPath,DrJBhattacharya,109,2,119644
Notyour28981739,ChildrensHD,109,1,6881
ezralevant,ATSoos,109,2,351611
JeffereyJaxen,HighWireTalk,108,1,14533
ClareCraigPath,JuliaHB1,107,1,74235
sallyKP,uTobian,106,1,12098
ChildrensHD,RobertKennedyJr,106,1,82417
jorient,HegKong,106,1,7452
sallyKP,Notyour28981739,105,1,12201
avoiceforchoice,lifebiomedguru,105,1,8067
ClareCraigPath,ianmSC,105,1,119278
waynerohde,P_McCulloughMD,103,1,4012
JenniferMarguli,akheriaty,103,1,11921
kksheld,MartinKulldorff,102,2,117808
sallyKP,lifebiomedguru,102,1,13913
ClareCraigPath,JamesMelville,102,1,112621
JeffereyJaxen,HighWireTalk,102,1,23558
MartinKulldorff,DrJBhattacharya,102,2,236834
SNCCLA,ChildrensHD,101,1,5036
barnes_law,RobertKennedyJr,99,2,239223
ChildrensHD,RobertKennedyJr,99,2,108900
Notyour28981739,uTobian,98,1,6730
debnantz,jonrappoport,98,1,9914
ClareCraigPath,Togetherdec,97,2,119638
jonrappoport,ElectionWiz,97,1,68270
ClareCraigPath,cricketwyvern,97,1,96580
DrJBhattacharya,VPrasadMDMPH,96,2,182007
waynerohde,uTobian,96,1,3370
TonyHinton2016,Togetherdec,95,2,60108
SNCCLA,sallyKP,95,1,5658
ChildrensHD,RobertKennedyJr,95,1,107317
sallyKP,justiceforevee,95,1,13914
SNCCLA,JenniferMarguli,95,1,5663
avoiceforchoice,JeffereyJaxen,95,1,7092
ClareCraigPath,Togetherdec,93,1,108466
SNCCLA,ChildrensHD,93,1,5652
JeffereyJaxen,Cernovich,93,1,20885
ClareCraigPath,Togetherdec,92,1,119304
ClareCraigPath,SteveBakerHW,91,1,110392
lifebiomedguru,JeffereyJaxen,90,1,21711
LotusOak2,ChildrensHD,90,1,47456
eduortu,ChGefaell,90,3,1105
ClareCraigPath,VPrasadMDMPH,89,1,72443
sallyKP,uTobian,89,1,12148
BeckyJohnson222,MichaelYeadon3,89,1,4877
JeffereyJaxen,ICANdecide,89,1,26132
ClareCraigPath,DrHoenderkamp,89,1,87155
ClareCraigPath,cricketwyvern,89,1,97060
jonrappoport,Cernovich,89,1,69638
jorient,HegKong,88,1,7362
ClareCraigPath,EssexPR,88,1,97401
ClareCraigPath,Togetherdec,87,1,113284
lifebiomedguru,SharylAttkisson,87,1,41752
ClareCraigPath,Togetherdec,86,1,107873
waynerohde,ICANdecide,86,2,4049
ClareCraigPath,TonyHinton2016,84,1,87512
ClareCraigPath,JuliusRuechel,84,1,79885
ClareCraigPath,TonyHinton2016,83,1,118712
DrJBhattacharya,MartinKulldorff,83,2,183960
waynerohde,HighWireTalk,83,1,3515
waynerohde,eileeniorio,83,1,3610
DrJBhattacharya,VPrasadMDMPH,82,2,181909
SNCCLA,MichaelYeadon3,82,1,5662
sallyKP,eileeniorio,82,1,13987
waynerohde,eileeniorio,82,1,3721
sallyKP,uTobian,81,1,11898
ChildrensHD,RobertKennedyJr,81,1,51297
ClareCraigPath,DrHoenderkamp,81,1,110452
robinmonotti,DrBenTapper1,81,1,20741
SNCCLA,ChildrensHD,81,1,5652
jonrappoport,barnes_law,80,1,67831
ClareCraigPath,TonyHinton2016,79,1,59920
BeckyJohnson222,JenniferMarguli,79,1,4672
waynerohde,HighWireTalk,79,1,3542
jonrappoport,forrestmaready,79,1,58387
ChildrensHD,RobertKennedyJr,78,1,81232
robinmonotti,eileeniorio,78,1,20741
ClareCraigPath,DrHoenderkamp,78,1,89614
ToniaBuxton,Togetherdec,77,2,107567
ClareCraigPath,Togetherdec,77,1,108325
sallyKP,talialikeitis,77,1,13914
jorient,richardursomd,77,1,7473
ClareCraigPath,ianmSC,77,1,113710
DrHoenderkamp,Togetherdec,76,3,73927
uTobian,PamLongCO,76,1,34377
jonrappoport,PamLongCO,76,1,69910
SNCCLA,lifebiomedguru,76,1,5642
ClareCraigPath,JamesMelville,76,1,78633
DrJBhattacharya,MartyMakary,75,2,185519
avoiceforchoice,JeffereyJaxen,75,1,8311
sallyKP,DrBenTapper1,75,1,12468
DrJBhattacharya,MartinKulldorff,74,2,183249
sallyKP,lifebiomedguru,74,1,11916
ClareCraigPath,andrewbostom,74,1,77138
ClareCraigPath,TonyHinton2016,73,1,76650
InsideVaccines,lifebiomedguru,73,1,12856
jorient,andrewbostom,73,1,8476
waynerohde,MartyMakary,72,1,3762
SNCCLA,lifebiomedguru,72,1,5662
backtolife_2022,barnes_law,72,3,86301
DrTessaT,barnes_law,72,3,19546
GenRescue,lifebiomedguru,71,1,20511
waynerohde,HighWireTalk,71,1,3282
ClareCraigPath,cricketwyvern,71,1,88303
GenRescue,andrewbostom,71,1,20618
drsimonegold,richardursomd,71,1,420582
DrTessaT,HighWireTalk,70,3,19528
JeffereyJaxen,HighWireTalk,70,1,27409
TannersDad,HighWireTalk,70,1,19214
barnes_law,backtolife_2022,70,2,239492
waynerohde,HighWireTalk,69,1,3694
SNCCLA,eileeniorio,69,1,5650
Notyour28981739,uTobian,68,1,6777
waynerohde,JeffereyJaxen,68,1,3358
waynerohde,uTobian,67,1,3347
ClareCraigPath,andrewbostom,67,1,87388
Notyour28981739,sallyKP,66,1,6924
Notyour28981739,kksheld,66,1,11065
DrJBhattacharya,VPrasadMDMPH,65,2,186074
GenRescue,NVICLoeDown,65,1,20433
ritamollerpalma,JackPosobiec,65,1,4824
ClareCraigPath,brownstoneinst,65,1,100986
sallyKP,uTobian,64,1,12466
sallyKP,uTobian,64,1,12066
sallyKP,justiceforevee,64,1,14081
Believe_Mothers,HighWireTalk,64,1,5539
ClareCraigPath,cricketwyvern,64,1,81133
Cernovich,MartinKulldorff,63,2,890126
waynerohde,lifebiomedguru,63,1,3693
RobertKennedyJr,KimIversenShow,63,1,312010
sallyKP,uTobian,62,1,12117
SNCCLA,uTobian,62,1,4816
alanvibe,Togetherdec,62,3,38603
jorient,reasonoverfear,62,1,8583
DrJBhattacharya,MartinKulldorff,62,2,182986
Notyour28981739,ChildrensHD,62,1,6761
SNCCLA,ICANdecide,61,1,5022
ClareCraigPath,cricketwyvern,61,1,72670
lifebiomedguru,ChildrensHD,61,1,20884
Notyour28981739,ChildrensHD,61,1,6779
JeffereyJaxen,jonrappoport,60,1,21409
jorient,HegKong,60,1,8150
ClareCraigPath,cricketwyvern,60,1,106020
RobertKennedyJr,ChildrensHD,60,1,391324
JeffereyJaxen,jonrappoport,59,1,15228
backtolife_2022,barnes_law,59,3,89565
anish_koka,VPrasadMDMPH,58,3,9859
ClareCraigPath,toadmeister,58,1,109854
Notyour28981739,lifebiomedguru,58,1,9409
JeffereyJaxen,HighWireTalk,58,1,24374
ChildrensHD,RobertKennedyJr,57,2,108126
SNCCLA,lifebiomedguru,57,1,4822
JeffereyJaxen,jonrappoport,57,1,14559
JeffereyJaxen,HighWireTalk,57,1,20627
waynerohde,eileeniorio,57,1,3762
sallyKP,uTobian,56,1,12274
alanvibe,Togetherdec,56,3,38502
Notyour28981739,HighWireTalk,56,1,8146
JeffereyJaxen,uTobian,55,1,14364
Believe_Mothers,PamLongCO,55,1,4519
jorient,lifebiomedguru,55,1,7460
ClareCraigPath,drnathimdladla,55,2,119859
waynerohde,lifebiomedguru,54,1,3759
anish_koka,VPrasadMDMPH,53,3,9871
waynerohde,lifebiomedguru,53,1,3762
TannersDad,forrestmaready,53,1,19286
ClareCraigPath,delbigtree,53,1,107600
ClareCraigPath,alanvibe,53,1,75233
ClareCraigPath,alanvibe,53,1,112648
JeffereyJaxen,HighWireTalk,52,1,23173
BeckyJohnson222,DrTessaT,52,1,4880
waynerohde,sallyKP,51,1,3542
ChildrensHD,RobertKennedyJr,51,1,68755
waynerohde,HighWireTalk,51,1,3256
ClareCraigPath,alanvibe,51,1,95660
waynerohde,SharylAttkisson,50,1,3694
Notyour28981739,sallyKP,50,1,7881
JeffereyJaxen,robinmonotti,50,1,14468
sallyKP,lifebiomedguru,50,1,14272
waynerohde,JeffereyJaxen,50,1,3610
BeckyJohnson222,HighWireTalk,50,1,4888
JeffereyJaxen,HighWireTalk,50,1,27695
lifebiomedguru,ChildrensHD,50,1,20154
barnes_law,backtolife_2022,50,2,239056
ToniaBuxton,Togetherdec,49,2,108327
YardleyShooting,hibbsy1973,49,1,62518
avoiceforchoice,ChildrensHD,49,1,7536
JeffereyJaxen,HighWireTalk,48,1,21329
SNCCLA,sallyKP,47,1,5661
Notyour28981739,sallyKP,47,1,6925
Notyour28981739,PamLongCO,47,1,6756
SNCCLA,NVICLoeDown,47,1,5657
ClayTravis,ianmSC,47,2,886510
ritamollerpalma,Cernovich,47,1,4941
brownstoneinst,MartinKulldorff,46,2,19138
barnes_law,BuffyWicks,46,2,239924
HowardGriffiths,YardleyShooting,45,4,5020
SNCCLA,uTobian,45,1,5184
ClareCraigPath,TonyHinton2016,45,2,120875
JeffereyJaxen,jonrappoport,45,1,21340
Believe_Mothers,HighWireTalk,45,1,5927
robinmonotti,bmj_latest,45,1,28857
SNCCLA,uTobian,44,1,4946
sallyKP,uTobian,44,1,11811
SNCCLA,NVICLoeDown,44,1,5645
SNCCLA,lifebiomedguru,44,1,5652
sallyKP,lifebiomedguru,44,1,12166
HowardGriffiths,Ward57434516,43,4,5018
DrJBhattacharya,VPrasadMDMPH,43,2,184561
HegKong,TonyHinton2016,43,1,31785
RobertKennedyJr,jimmy_dore,43,1,330343
waynerohde,HighWireTalk,43,1,3766
JeffereyJaxen,HighWireTalk,43,1,22098
Notyour28981739,HegKong,43,1,6799
ToniaBuxton,TonyHinton2016,42,2,107648
avoiceforchoice,RobertKennedyJr,42,1,8332
avoiceforchoice,NVICLoeDown,42,1,7062
JeffereyJaxen,HighWireTalk,42,1,14368
Believe_Mothers,HighWireTalk,42,1,5862
waynerohde,HighWireTalk,42,1,3695
waynerohde,sallyKP,41,1,3355
sallyKP,Notyour28981739,41,1,11857
JeffereyJaxen,NVICLoeDown,40,1,15235
JackPosobiec,MaajidNawaz,40,2,1739701
waynerohde,lifebiomedguru,40,1,3696
JeffereyJaxen,jonrappoport,40,1,15233
Notyour28981739,JeffereyJaxen,40,1,7869
JeffereyJaxen,HighWireTalk,40,1,26933
lifebiomedguru,HighWireTalk,40,1,33671
RobertKennedyJr,ChildrensHD,40,1,264995
LotusOak2,ChildrensHD,40,1,47490
sallyKP,uTobian,39,1,12309
lifebiomedguru,sallyKP,39,1,20449
richardursomd,NBSaphierMD,39,1,113811
GenRescue,JeffereyJaxen,39,1,20715
Notyour28981739,JeffereyJaxen,39,1,7871
avoiceforchoice,ianmSC,39,1,8362
LotusOak2,ChildrensHD,39,1,47464
VPrasadMDMPH,BallouxFrancois,39,4,185674
RobertKennedyJr,SharylAttkisson,38,1,343069
Notyour28981739,NVICLoeDown,38,1,6659
SNCCLA,HighWireTalk,38,1,5650
GenRescue,science_cited,37,1,20620
DrJBhattacharya,MartinKulldorff,37,2,185915
uTobian,lifebiomedguru,37,1,31042
SNCCLA,DrTessaT,37,1,5659
ClareCraigPath,cricketwyvern,37,1,87917
Notyour28981739,NVICLoeDown,36,1,8139
waynerohde,lifebiomedguru,36,1,3770
ClareCraigPath,andrewbostom,36,1,88307
sallyKP,uTobian,35,1,12066
SNCCLA,GenRescue,35,1,5654
SNCCLA,ChildrensHD,35,1,4951
waynerohde,ChildrensHD,35,1,3278
ritamollerpalma,ChildrensHD,35,1,3986
hibbsy1973,YardleyShooting,34,2,2576
Believe_Mothers,uTobian,34,1,4149
HegKong,NVICLoeDown,34,1,15384
DrTessaT,HighWireTalk,34,3,19521
GenRescue,eileeniorio,34,1,19789
MichaelYeadon3,ClareCraigPath,34,1,92027
LotusOak2,ChildrensHD,34,1,47441
ClareCraigPath,andrewbostom,34,1,78639
richardursomd,akheriaty,34,1,80441
SNCCLA,sallyKP,33,1,4817
Notyour28981739,NVICLoeDown,33,1,6795
forrestmaready,jonrappoport,33,1,20831
GenRescue,eileeniorio,33,1,19535
jonrappoport,SenRonJohnson,32,1,65449
JeffereyJaxen,HighWireTalk,32,1,14621
jorient,HighWireTalk,32,1,8070
BeckyJohnson222,GenRescue,32,1,4844
ToniaBuxton,TonyHinton2016,31,2,108111
alanvibe,Togetherdec,31,3,38304
JeffereyJaxen,ianmSC,31,1,26131
BeckyJohnson222,HegKong,31,1,4935
ClareCraigPath,cricketwyvern,31,1,83626
DrJBhattacharya,ajlamesa,31,2,184748
sallyKP,uTobian,30,1,11909
Notyour28981739,sallyKP,30,1,7934
uTobian,PamLongCO,30,1,33284
SNCCLA,NVICLoeDown,30,1,5650
BeckyJohnson222,HighWireTalk,30,1,4814
JeffereyJaxen,HighWireTalk,30,1,23630
JeffereyJaxen,HighWireTalk,30,1,26513
aginnt,BallouxFrancois,30,2,65623
ClareCraigPath,andrewbostom,30,1,75128
TannersDad,SharylAttkisson,29,1,19296
Believe_Mothers,PamLongCO,29,1,5920
JeffereyJaxen,GenRescue,29,1,15369
LotusOak2,ChildrensHD,29,1,47498
GenRescue,andrewbostom,29,1,20489
ClareCraigPath,Togetherdec,28,2,120194
sallyKP,science_cited,28,1,12117
waynerohde,lifebiomedguru,28,1,3516
BeckyJohnson222,GenRescue,28,1,4921
Notyour28981739,GenRescue,28,1,7851
GenRescue,andrewbostom,28,1,19789
ClareCraigPath,TonyHinton2016,27,1,92943
ClareCraigPath,Togetherdec,27,1,112087
nadhimzahawi,sajidjavid,27,2,85530
ClareCraigPath,ollysmithtravel,27,1,101499
sallyKP,NVICLoeDown,27,1,14315
waynerohde,lifebiomedguru,27,1,3722
waynerohde,JeffereyJaxen,27,1,3674
JeffereyJaxen,HighWireTalk,27,1,22541
JeffereyJaxen,HighWireTalk,27,1,21761
jorient,akheriaty,27,1,8081
sallyKP,uTobian,26,1,11765
ClareCraigPath,TonyHinton2016,26,1,84699
JenniferMarguli,SikhForTruth,26,1,15863
DrJBhattacharya,MartinKulldorff,26,2,183402
avoiceforchoice,JeffereyJaxen,26,1,8326
ICANdecide,HighWireTalk,26,2,40369
barnes_law,backtolife_2022,26,2,239168
sallyKP,justiceforevee,25,1,12438
JeffereyJaxen,HighWireTalk,25,1,14703
ICANdecide,HighWireTalk,25,1,33257
Believe_Mothers,HighWireTalk,25,1,5908
JeffereyJaxen,HighWireTalk,25,1,15416
waynerohde,HighWireTalk,25,1,3767
ajlamesa,BallouxFrancois,25,3,12046
sallyKP,waynerohde,24,1,12094
ClareCraigPath,TonyHinton2016,24,1,59201
Notyour28981739,sallyKP,24,1,7921
avoiceforchoice,RepThomasMassie,24,1,7554
sallyKP,PamLongCO,24,1,13913
avoiceforchoice,NVICLoeDown,24,1,7536
jonrappoport,Notyour28981739,24,1,52291
JeffereyJaxen,HighWireTalk,24,1,22455
waynerohde,HighWireTalk,24,1,3761
JeffereyJaxen,HighWireTalk,24,1,23412
jorient,HegKong,24,1,8081
AnnieWBelle,Ward57434516,23,3,1724
waynerohde,uTobian,23,1,3266
sallyKP,science_cited,23,1,11848
JeffereyJaxen,jonrappoport,23,1,20188
waynerohde,ICANdecide,23,1,4011
JeffereyJaxen,HighWireTalk,23,1,25300
JeffereyJaxen,HighWireTalk,23,1,15223
waynerohde,HighWireTalk,23,1,3513
JeffereyJaxen,HighWireTalk,23,1,14253
waynerohde,eileeniorio,23,1,3721
ezralevant,aginnt,23,2,351663
BeckyJohnson222,uTobian,22,1,4862
jorient,richardursomd,22,1,8384
Notyour28981739,NVICLoeDown,22,1,8147
Notyour28981739,lifebiomedguru,22,1,9494
jorient,lifebiomedguru,22,1,7564
RobertKennedyJr,KimIversenShow,22,1,357452
RobertKennedyJr,jimmy_dore,22,1,334415
ClareCraigPath,JamesMelville,22,1,76310
JeffereyJaxen,HighWireTalk,22,1,27798
JeffereyJaxen,HighWireTalk,22,1,14381
BeckyJohnson222,DrTessaT,22,1,4924
ClareCraigPath,alanvibe,22,1,76238
jorient,AAPSonline,22,1,8036
avoiceforchoice,SharylAttkisson,21,1,8305
GenRescue,science_cited,21,1,20620
Cernovich,RepThomasMassie,21,2,889517
Notyour28981739,PamLongCO,21,1,6879
robinmonotti,ollysmithtravel,21,1,28173
robinmonotti,MichaelYeadon3,21,1,21561
Notyour28981739,lifebiomedguru,21,1,6626
JeffereyJaxen,jonrappoport,21,1,14484
JeffereyJaxen,HighWireTalk,21,1,14956
JeffereyJaxen,HighWireTalk,21,1,27502
JeffereyJaxen,HighWireTalk,21,1,14650
JeffereyJaxen,HighWireTalk,21,1,21013
jonrappoport,forrestmaready,21,1,66579
jonrappoport,forrestmaready,21,1,66581
GenRescue,eileeniorio,21,1,19419
jorient,eileeniorio,21,1,7450
debnantz,DrTessaT,21,1,9930
JamesMelville,abiroberts,21,2,256051
anish_koka,VPrasadMDMPH,19,3,9869
Believe_Mothers,science_cited,19,1,4248
aginnt,JamesMelville,19,2,65628
JeffereyJaxen,HighWireTalk,19,2,29671
waynerohde,lifebiomedguru,17,2,4052
ezralevant,VPrasadMDMPH,16,2,351803
CDCgov,CDCMMWR,16,2,4779826
JackPosobiec,MaajidNawaz,15,2,1739448
hibbsy1973,YardleyShooting,13,2,2515
buckyouhorses,Ward57434516,13,3,588
JeffereyJaxen,HighWireTalk,13,2,29804
YardleyShooting,hibbsy1973,13,2,66727
RepThomasMassie,CDCgov,13,2,360765
HowardGriffiths,AnnieWBelle,13,4,5030
anish_koka,VPrasadMDMPH,12,3,9875
EssexPR,Togetherdec,12,2,237540
MartinKulldorff,DrJBhattacharya,12,2,236755
ajlamesa,bmj_latest,12,3,11845
JeffereyJaxen,HighWireTalk,11,2,29908
ToniaBuxton,cricketwyvern,11,2,107604
ake2306,buckyouhorses,11,3,11796
hibbsy1973,ake2306,11,2,2545
ToniaBuxton,Togetherdec,10,2,108005
JeffereyJaxen,ICANdecide,10,2,29978
ajlamesa,ECDC_EU,10,3,11033
waynerohde,DrTessaT,10,2,4010
hibbsy1973,AnnieWBelle,10,2,2556
DrHoenderkamp,EssexPR,9,3,74443
ajlamesa,ECDC_EU,9,3,11033
ToniaBuxton,alanvibe,9,2,107645
DrJBhattacharya,ajlamesa,9,2,180920
hibbsy1973,YardleyShooting,8,2,2545
DrHoenderkamp,Togetherdec,8,3,73568
MartyMakary,DrCaliff_FDA,8,2,150708
buckyouhorses,AnnieWBelle,8,3,597
HowardGriffiths,ake2306,8,4,5018
RobertKennedyJr,ChildrensHD,7,2,414312
backtolife_2022,SikhForTruth,7,3,89128
JeffereyJaxen,HighWireTalk,7,2,30010
JeffereyJaxen,HighWireTalk,7,2,29976
ezralevant,ATSoos,7,2,351721
TonyHinton2016,ake2306,7,2,60098
HowardGriffiths,Ward57434516,6,4,5043
AnnieWBelle,Ward57434516,6,3,1769
PaulMitchell_AB,derekjamesfrom,6,2,36401
LotusOak2,ICANdecide,5,1,47452
JuliusRuechel,CC_CRF,5,2,15619
HowardGriffiths,AnnieWBelle,5,4,5031
AnnieWBelle,Ward57434516,4,3,1799
hibbsy1973,Ward57434516,4,2,2547
CDCgov,CDCMMWR,4,2,4776737
hibbsy1973,buckyouhorses,4,2,2809
ajlamesa,BallouxFrancois,4,3,11038
Ward57434516,AnnieWBelle,4,4,61
Ward57434516,ake2306,4,4,66
lifebiomedguru,DrPanMD,3,2,45388
AnnieWBelle,Ward57434516,3,3,1792
buckyouhorses,Ward57434516,3,3,602
YardleyShooting,hibbsy1973,3,2,66727
AnnieWBelle,buckyouhorses,3,3,1717
bmj_latest,Azeem_Majeed,3,2,488918
hibbsy1973,AnnieWBelle,3,2,3001
d5_rss,YardleyShooting,2,3,2825
ChildrensHD,RobertKennedyJr,2,1,55846
avoiceforchoice,NVICLoeDown,2,1,8091
AAPSonline,MartyMakary,2,2,33485
hibbsy1973,HowardGriffiths,2,2,2827
AnnieWBelle,hibbsy1973,2,3,1724
ajlamesa,ECDC_EU,2,3,11033
pfizer,ColumbiaMed,2,2,481786
SteveBakerHW,BucksCouncil,2,2,152338
ChildrensHD,bmj_latest,2,1,53595
ChildrensHD,bmj_latest,2,1,53451
Ward57434516,AnnieWBelle,2,4,49
HowardGriffiths,AnnieWBelle,2,4,5017
hibbsy1973,AnnieWBelle,2,2,2998
AlietaEck,AAPSonline,2,2,17385
YardleyShooting,A1istair,2,2,66776
HighWireTalk,MartyMakary,1,2,140555
hibbsy1973,Ward57434516,1,2,2576
abiroberts,toadmeister,1,3,45207
ake2306,HowardGriffiths,1,3,12270
buckyouhorses,HowardGriffiths,1,3,584
hibbsy1973,HowardGriffiths,1,2,2828
AnnieWBelle,hibbsy1973,1,3,1727
YardleyShooting,hibbsy1973,1,2,66742
bmj_latest,EdMHill,1,2,488795
DrCharlesL,doctorcall,1,2,26323
DrCharlesL,doctorcall,1,2,26277
DrCharlesL,doctorcall,1,2,26292
YardleyShooting,d5_rss,1,2,66703
BucksCouncil,bucksccgs,1,3,21216
BucksCouncil,bucksccgs,1,3,21260
SteveBakerHW,bucksccgs,1,2,152283
SteveBakerHW,bucksccgs,1,2,152293
ajlamesa,BallouxFrancois,1,3,11038
Ward57434516,ake2306,1,4,63
CDCMMWR,WHO,0,3,50522
buckyouhorses,Ward57434516,0,3,513
abiroberts,ToniaBuxton,0,3,45279
hibbsy1973,sajidjavid,0,2,2825
AnnieWBelle,sajidjavid,0,3,1716
AnnieWBelle,sajidjavid,0,3,1785
abiroberts,JuliaHB1,0,3,45217
uTobian,JeffereyJaxen,0,1,32904
AnnieWBelle,HowardGriffiths,0,3,1720
AnnieWBelle,hibbsy1973,0,3,1717
HowardGriffiths,hibbsy1973,0,4,5021
rick_pittman,eduortu,0,2,36187
drnathimdladla,DrJBhattacharya,0,3,5527
SteveBakerHW,DrHoenderkamp,0,2,152481
doctorcall,DrCharlesL,0,3,1203
CC_CRF,dockaurG,0,3,1931
CC_CRF,dockaurG,0,3,1931
CC_CRF,dockaurG,0,3,1931
CC_CRF,dockaurG,0,3,1931
CC_CRF,dockaurG,0,3,1929
HowardGriffiths,AnnieWBelle,0,4,5041
waynerohde,AnimalsRule9,0,2,4036
ChildrensHD,akheriaty,0,2,108392
HowardGriffiths,ake2306,0,4,5034
hibbsy1973,ake2306,0,2,2545
AlietaEck,AAPSonline,0,2,17378
LotusOak2,ChildrensHD,0,1,47438
jorient,pfizer,4359,1,8021
kksheld,RMConservative,170,2,117937
